title	count
1 December 2007: World AIDS Day (debate)	20
2006 Progress Report on the Former Yugoslav Republic of Macedonia (debate)	40
2006 Progress Report on the Former Yugoslav Republic of Macedonia (vote)	6
2007 Sakharov Prize (announcement of winner)	2
2008 budget guidelines (Sections I, II, IV, V, VI, VII, VIII(A) and VIII(B))	20
2008 draft general budget: Section III – 2008 draft general budget: Sections I, II, IV, V, VI, VII, VIII and IX (debate)	138
A Maritime Policy for the EU	50
A renewed EU tourism policy: towards a stronger partnership for European tourism (debate)	44
ACP-EU Joint Parliamentary Assembly (debate)	36
ACP-EU Joint Parliamentary Assembly (vote)	6
Adaption of Title IV of the EC Treaty – Court of Justice (vote)	4
Additional rules on the common organisation of the milk and milk products markets (vote)	8
Address by the President of Parliament	28
Adjournment of session	2
Adjournment of the session	34
Advanced therapy medicinal products (debate)	58
Advanced therapy medicinal products (vote)	20
Agenda	34
Agenda: see Minutes	10
Aid for farmers affected by frost damage (debate)	22
Air pollution: ambient air quality and cleaner air for Europe (debate)	56
Airport capacity and ground handling (debate)	50
Amendment of Directive 2003/87/EC so as to include aviation activities in the scheme for greenhouse gas emission allowance trading within the Community (debate)	90
Amendment of Directive 2004/49/EC on safety on the Community's railways - Interoperability of the Community rail system (recast) - Amendment of Regulation (EC) No 881/2004 establishing a European Railway Agency (debate)	42
Amendment of the ACP-EC Partnership Agreement (debate)	26
Amendment of the Rules of Procedure in light of the Statute for Members (vote)	4
An international treaty prohibiting cluster bombs (debate)	36
Announcement by the President	10
Announcement by the President: see Minutes	2
Announcement of the candidates for election to the office of President	12
Annual political strategy 2008 (debate)	72
Annual report of the European Union on Human Rights (debate)	48
Application of Directive 2004/38/EC on the right of citizens of the Union and their families to move and reside freely within the territory of the Member States (debate)	52
Application of Directive 2004/38/EC on the right of citizens of the Union and their families to move and reside freely within the territory of the Member States (motions for resolutions tabled): see Minutes	2
Application of Directive 2004/38/EC on the right of citizens of the Union and their families to move and reside freely within the territory of the Member States (vote)	32
Application of the Schengen acquis - Application of the Schengen acquis in the Czech Republic, Estonia, Latvia, Lithuania, Hungary, Malta, Poland, Slovenia and Slovakia (continuation of debate)	32
Application of the Schengen acquis - Application of the Schengen acquis in the Czech Republic, Estonia, Latvia, Lithuania, Hungary, Malta, Poland, Slovenia and Slovakia (debate)	54
Application of the Schengen acquis relating to the Schengen Information System (vote)	4
Appointment of 7 members of the Court of Auditors (debate)	16
Approval by the European Parliament of the Charter of Fundamental Rights of the European Union (debate)	52
Approval by the European Parliament of the Charter of Fundamental Rights of the European Union (vote)	4
Approval of Minutes of previous sitting	6
Approval of Minutes of previous sitting: see Minutes	22
Approval of motor vehicles and their trailers (debate)	14
Assessing Euratom (debate)	42
Assessment and management of flood risks (debate)	32
Assessment and management of flood risks (vote)	2
Asset management II (debate)	24
Asset management II (vote)	4
Assignment conferred on a Member	2
Award of the Sakharov Prize (Formal sitting)	6
Bali Conference on Climate Change (vote)	10
Baltic Sea cod (debate)	22
Bangladesh	24
Bangladesh (vote)	6
Banning seal products in the EU (debate)	24
Beniamino Donnici (debate)	16
Berlin Declaration (debate)	44
Better Regulation - Better law-making 2005:, subsidiarity and proportionality - Simplification of the regulatory environment - Use of 'soft law' (debate)	70
Bosnia-Herzegovina (debate)	50
Broadband (debate)	46
Budget aid for developing countries (debate)	28
Burma	52
Burma (vote)	2
Business registers for statistical purposes (debate)	16
Business registers for statistical purposes (vote)	6
CAP: common rules for direct support schemes and certain support schemes for farmers and support for rural development (debate)	40
CAP: common rules for direct support schemes and certain support schemes for farmers and support for rural development (vote)	4
Calendar of part-sessions: see Minutes	2
Cambodia	18
Cat and dog fur (debate)	44
Childcare (debate)	40
Christian communities in the Middle East (debate)	44
Climate change (continuation of debate)	82
Climate change (debate)	26
Climate change (vote)	6
Closing of the session	2
Closure of sitting	6
Combating HIV/Aids within the EU and in the neighbouring countries 2006-2009 (debate)	44
Combating HIV/Aids within the EU and in the neighbouring countries 2006-2009 (vote)	4
Combating cigarette smuggling (EC-Philip Morris agreement) (debate)	26
Combating racism and xenophobia (vote)	4
Combating the rise of extremism in Europe (debate)	100
Combating violence (Daphne III programme) (debate)	36
Comfort women (vote)	12
Comitology (debate)	14
Commission Question Time	1346
Commission legislative programme and work programme for 2008 (debate)	122
Commission statement: Consumer policy strategy 2007-2013 (debate)	42
Common Foreign and Security Policy 2005 (debate)	40
Common Foreign and Security Policy 2005 (vote)	4
Common authorisation procedure for food additives (vote)	4
Common authorisation procedure for food additives – Food additives – Food enzymes – Flavourings and food ingredients with flavouring properties for use in and on foods (debate)	44
Common organisation of agricultural markets (debate)	28
Common organisation of the market in cereals (debate)	24
Common organisation of the market in cereals (vote)	6
Common organisation of the market in wine (debate)	170
Common organisation of the markets in fisheries and aquaculture (vote)	4
Common organisation of the markets in the sugar sector (vote)	4
Common principles on flexicurity (debate)	52
Common principles on flexicurity (vote)	6
Common rules for air transport services (debate)	24
Common rules for air transport services (vote)	6
Common rules in the field of civil aviation security (debate)	30
Common rules in the field of civil aviation security (vote)	6
Communication infrastructure for the Schengen Information System environment (decision) (vote)	6
Communication of Council common positions: see Minutes	8
Community Statistical Programme (2008-2012) – Timely transmission and verification of statistical data provided by Member States (debate)	18
Community Strategy to reduce CO2 emissions from passenger cars and light-commercial vehicles (debate)	42
Community Strategy to reduce CO2 emissions from passenger cars and light-commercial vehicles (vote)	10
Community action on the provision of cross-border health care (debate)	28
Community action programme in the field of health – Action to tackle cardiovascular disease (debate)	44
Community action programme to promote activities in the field of the protection of the Community's financial interests (Hercule II programme) (vote)	4
Community code relating to medicinal products for human use (implementing powers conferred on the Commission) (vote)	4
Community financial aid in the field of the trans-European transport and energy networks (debate)	28
Community postal services (debate)	98
Community postal services (vote)	6
Community statistics on public health and health and safety at work (vote)	4
Community vessel traffic monitoring (vote)	4
Community vessel traffic monitoring - Investigation of accidents - Liability of carriers of passengers by boat in the event of accidents - Port State control - Ship inspection and survey organisations (debate)	90
Company law (debate)	12
Competition Policy 2005 (debate)	18
Competition Policy 2005 (vote)	4
Complaint by Boeing (US) against Airbus (EU) before the WTO (debate)	26
Compliance with the Charter of Fundamental Rights (debate)	30
Compliance with the Charter of Fundamental Rights (vote)	4
Compliance with the obligations of Flag States - Civil liability and financial guarantees of shipowners (debate)	26
Composition of the Conference of Presidents (amendment of Rule 23) (vote)	4
Composition of the European Parliament (vote)	28
Conclusions of the G8 meeting - MDGs at the Midway Point (debate)	76
Consultation of the Visa Information System (VIS) (vote)	4
Consumer confidence in the digital environment (continuation of debate)	18
Consumer confidence in the digital environment (debate)	28
Consumer confidence in the digital environment (vote)	6
Control of the acquisition and possession of weapons (debate)	42
Control of the acquisition and possession of weapons (vote)	10
Convening of the Intergovernmental Conference: opinion of the European Parliament (debate)	62
Convening of the Intergovernmental Conference: opinion of the European Parliament (vote)	16
Convention on the fight against desertification (vote)	2
Convention to Combat Desertification (debate)	28
Conventional energy sources and energy technology (debate)	66
Cooperation between committees (amendment of Rule 47) (vote)	6
Cooperation between the Fundamental Rights Agency and the Council of Europe (debate)	20
Coordination of certain of the Member States' provisions on television broadcasting (debate)	28
Corporate social responsibility (debate)	50
Corrections to votes and voting intentions	22
Corrections to votes and voting intentions: see Minutes	50
Corrections to votes from previous sittings: see Minutes	2
Council Question Time	1180
Council's strategy for the Bali Conference on Climate Change (COP 13 and COP/MOP 3) (debate)	60
Crisis at Equitable Life – Report by the temporary committee of inquiry (debate)	62
Crisis of the Equitable Life Assurance Society (vote)	4
Cross-border collective copyright management (debate)	58
Cross-border collective copyright management (vote)	2
Cuba	32
Cuba (vote)	8
Damages actions for breach of competition rules (debate)	22
Dangerous toys manufactured in China (debate)	98
Darfur (vote)	6
Debate on the future of Europe (debate)	70
Debate on the future of Europe with the participation of the Prime Minister of Italy, Member of the European Council (debate)	86
Decent work (debate)	54
Decent work (vote)	4
Decision on urgent procedure	18
Decision-making in the common European asylum system (debate)	32
Definition, description, presentation and labelling of spirit drinks (debate)	84
Dehydrated preserved milk for human consumption - Common organisation of the milk and milk products market - Additional rules on the common organisation of the milk and milk products markets (debate)	56
Deliberate release into the environment of genetically modified organisms (implementing powers conferred on the Commission) (vote)	4
Democratic scrutiny under the Development Cooperation Instrument (debate)	24
Deposit-guarantee schemes (debate)	22
Derogations from internal market rules for defence procurement on the basis of Article 296 TEC (debate)	24
Development of the Community's railways (vote)	6
Development of the Community's railways - Certification of train drivers operating locomotives and trains on the railway system in the Community - Rail passengers' rights and obligations (debate)	70
Development of the Community's railways Certification of train drivers operating locomotives and trains on the railway system in the Community International rail passengers' rights and obligations (continuation of debate)	48
Development of the Community’s railways – Certification of train drivers operating locomotives and trains on the railway system in the Community – International rail passengers’ rights and obligations (debate)	56
Dialogue between the Chinese government and Envoys of the Dalai Lama (debate)	34
Direct insurance other than life assurance (implementing powers conferred on the Commission) (vote)	6
Directives concerning the protection of health and safety of workers: simplifying and rationalising practical implementation reports (debate)	20
Discharge 2005: Section I, European Parliament (vote)	10
Discharge 2005: Section II, Council (vote)	6
Discharge 2005: Section III, Commission (vote)	4
Discharge for the financial year 2005 (debate)	92
Discrimination against young women and girls in the field of education (debate)	30
Discrimination against young women and girls in the field of education (vote)	8
Documents received: see Minutes	2
Draft amending budget No 6/2007 (vote)	4
Draft estimates of the European Parliament for 2008 (debate)	32
Draft estimates of the European Parliament for 2008 (vote)	4
Draft general budget 2008 as modified by the Council (all sections) (debate)	72
Draft general budget for 2008, modified by the Council (all sections) (signature)	2
Draft general budget of the European Union - Financial year 2008 (vote)	48
Drugs prevention and information (vote)	6
EC-Gabon Fisheries Partnership (debate)	10
EC-Russia short-stay visa agreement – EC-Russia readmission agreement (debate)	44
EC-USA air transport agreement (debate)	32
EIB Annual Report 2005 (debate)	42
ESDP operation in eastern Chad and the north of the Central African Republic (debate)	38
ESPD operation in eastern Chad and the north of Central African Republic (vote)	10
EU economic and trade relations with Russia (debate)	62
EU economic and trade relations with Russia (vote)	8
EU partnership in the Horn of Africa (debate)	18
EU restrictions on liquids that passengers can carry on aircrafts (debate)	46
EU strategy for reform in the Arab world (debate)	50
EU strategy for reform in the Arab world (vote)	34
EU-Africa relations (debate)	68
EU-Africa relations (vote)	4
EU-China Summit - EU-China human rights dialogue (vote)	6
EU-Russia Summit (debate)	80
EU-Russia summit (debate)	84
EU-Russia summit (vote)	36
EU-Serbia relations (debate)	66
EU-Serbia relations (vote)	14
EU-Turkey relations (debate)	76
EU-Turkey relations (vote)	6
EU-USA Air Services Agreement (debate)	44
EU/China summit - EU/China human rights dialogue (debate)	42
EURES activity report 2004-2005: Towards a single European labour market (debate)	28
EUROMED (debate)	40
Eastern Chad	34
Economic and trade relations with Korea (debate)	32
Economic partnership agreements (debate)	28
Economic policy guidelines for 2007 – Member States’ employment policies (debate)	58
Efficiency and equity in European education and training systems (debate)	42
Election of President of Parliament	34
Election of Quaestors of Parliament	2
Election of Vice-Presidents of Parliament	2
Election of Vice-Presidents of the European Parliament (continuation)	2
Energy Star (vote)	4
Enforcement of intellectual property rights (criminal measures) (debate)	50
Enforcement of intellectual property rights (criminal measures) (vote)	4
Environmental protection from radiation following the crash of a military aircraft in Greenland (debate)	22
Environmental quality standards in the field of water policy (debate)	36
Equal treatment between persons irrespective of racial or ethnic origin (debate)	52
Equality between men and women in the committees' work (debate)	52
Equality between men and women in the committees' work (vote)	8
Equality between women and men in the EU (debate)	70
Equality between women and men in the EU (vote)	4
Equality road-map (debate)	50
Equality road-map (vote)	10
Estonia (debate)	46
Euro-Mediterranean Free Trade Area (vote)	4
Euro-Mediterranean relations - Euro-Mediterranean Free Trade Area (debate)	66
Euro-mediterranean relations (vote)	6
European Aviation Safety Agency (debate)	84
European Aviation Safety Agency (vote)	8
European Contract Law (debate)	16
European Council meeting (8-9 March 2007) (debate)	114
European Council meeting of 21-22 June 2007 Activity report of the German Presidency (continuation of debate)	60
European Council meeting of 21-22 June 2007 Activity report of the German Presidency (report and statements followed by debate)	38
European Critical Infrastructure (debate)	30
European Institute of Technology (debate)	70
European Ombudsman's activities in 2006 (debate)	60
European Ombudsman's activities in 2006 (vote)	2
European Road Safety Action Programme Mid-Term Review (debate)	60
European Road Safety Action Programme – Mid-Term Review (vote)	6
European Statistical Governance Advisory Board - European Statistical Advisory Council (debate)	20
European emergency call number 112 (written declaration): see Minutes	14
European insurance and occupational pensions committee (implementing powers conferred on the Commission) (vote)	4
"European strategy for the rights of the child: against ""dys""crimination of children and exclusion of ""dys"" people (debate)"	34
Europol staff salaries and allowances (vote)	6
Eurovignette (debate)	26
Eurozone (2007) - European Central Bank (2006) (continuation of debate)	48
Eurozone (2007) - European Central Bank (2006) (debate)	18
Exchanges of information extracted from criminal records (debate)	20
Excise duty on alcohol (debate)	54
Excise duty on alcohol (vote)	10
Explanations of vote	5554
External dimension of the area of freedom, security and justice (continuation of debate)	40
External dimension of the area of freedom, security and justice (debate)	14
External dimension of the area of freedom, security and justice (vote)	8
External dimension of the fight against terrorism (debate)	46
External dimension of the fight against terrorism (vote)	8
Fact-finding mission to the regions of Andalusia, Valencia and Madrid (debate)	22
Fact-finding mission to the regions of Andalusia, Valencia and Madrid (vote)	6
Family life and study (debate)	70
Family life and study (vote)	4
Fight against terrorism (debate)	142
Financial Instrument for the Environment (LIFE+) (debate)	24
Financial instability and the impact on the real economy (debate)	66
Financial services policy (2005-2010) - White Paper (vote)	10
Financial services policy (2005-2010) – White Paper (debate)	40
Financial year 2008 as modified by the Council (vote)	10
Financing of the Special Court for Sierra Leone	20
Financing of the Special Court for Sierra Leone (vote)	14
Financing the common agricultural policy	54
Financing the common agricultural policy (vote)	6
Fire safety in hotels (debate)	20
First railway package (debate)	26
Fisheries Partnership Agreement between the EC and Denmark and Greenland (debate)	22
Follow-up to the Berlin declaration (debate)	108
Forest fires in Greece, their consequences and conclusions to be drawn for prevention and preparedness measures (debate)	76
Formal sitting - Bulgaria	10
Formal sitting - France	8
Formal sitting - India	6
Formal sitting - Jordan	30
Formal sitting - Portugal	8
Formal sitting – Italy	6
Formal sitting – Romania	6
Formal sitting: Welcoming of the Bulgarian and Romanian Members	2
Formation of a political group	8
Framework decision on combating racism and xenophobia (debate)	32
Framework directive on the sustainable use of pesticides (vote)	8
Framework directive on the sustainable use of pesticides - Thematic strategy on the sustainable use of pesticides - The placing of plant protection products on the market (debate)	106
Free movement of Roma within the EU borders (debate)	18
Freight transport logistics in Europe and sustainable mobility (debate)	52
Further convergence in supervisory practices at EU level (debate)	20
Future agreement on Kosovo (debate)	38
Future enlargements and cohesion (debate)	60
Future enlargements and cohesion (vote)	8
Future of Europe (debate)	70
Future of European aircraft construction (debate)	34
Future of Professional Football in Europe - Security at Football Matches (debate)	74
Galileo (debate)	20
Global Europe - External aspects of competitiveness (debate)	68
Global Europe - External aspects of competitiveness (vote)	12
Government Procurement Agreement (GPA) (debate)	36
Green Paper on urban transport (debate)	34
Green Paper: Diplomatic and consular protection of Union citizens (vote)	4
Guatemala	24
Guatemala (vote)	6
Guinea (debate)	18
Guinea (vote)	8
Halting the loss of biodiversity by 2010 (debate)	28
Homophobia in Europe (debate)	52
Homophobia in Europe (vote)	8
Housing and regional policy – Structural policies and EU cohesion – Future regional policy and innovation (debate)	98
Human rights dialogues and consultations on human rights with third countries (debate)	80
Human rights in Ethiopia	26
Human rights in Sudan	24
Human rights in Syria	16
Human rights in Syria (vote)	12
Human rights in Vietnam	30
Human rights in Vietnam (vote)	8
Human rights in the world 2006 and the EU's policy on the matter (vote)	20
Human rights in the world – Moratorium on the death penalty (debate)	60
Human rights of the Dalits in India (vote)	16
Human rights situation in the Philippines	26
Human rights violations in Transnistria (Moldova)	28
Human rights violations in Transnistria (Moldova) (vote)	6
Humanitarian situation of refugees from Iraq (debate)	32
Humanitarian situation of refugees from Iraq (vote)	8
Illegal bird hunting in Malta (debate)	24
Illegal bird hunting in Malta (vote)	8
Illegal fishing (debate)	34
Immigration - Legal migration - Policy priorities in the fight against illegal immigration of third-country nationals (debate)	116
Immunity and privileges of Gian Paolo Gobbo (vote)	8
Implementation of the Council decision on the moratorium against death penalty (debate)	46
Imposition of the death penalty on medical personnel in Libya (debate)	60
Imposition of the death penalty on medical personnel in Libya (vote)	12
Improving the efficiency of the enforcement of judgments in the EU: attachment of bank accounts (debate)	26
Improving the method for consulting Parliament in procedures relating to enlargement of the euro area – Adoption by Cyprus of the single currency on 1 January 2008 – Adoption by Malta of the single currency on 1 January 2008 (debate)	54
Inaugural address by the President of the European Parliament	46
Increase in energy prices (debate)	34
Increase in energy prices (vote)	6
Information provision and promotion measures for agricultural products (debate)	24
Infrastructure for Spatial Information in the European Community (INSPIRE) (debate)	16
Inland transport of dangerous goods (debate)	36
Innovation Strategy (debate)	46
Internal gas and electricity market (debate)	74
Internal gas and electricity market (vote)	4
International Financial Reporting Standards (IFRS) (vote)	4
International Trade in Endangered Species of Wild Fauna and Flora (CITES) (debate)	28
International accounting standards (debate)	16
International rail passengers' rights and obligations (vote)	10
Interoperability of digital interactive television services (vote)	4
Investigation of accidents (vote)	6
Iran	18
Iran (vote)	4
Joint Declaration on practical arrangements for the codecision procedure (vote)	4
"Justice for the ""Comfort Women"""	22
Juvenile delinquency, the role of women, the family and society (debate)	44
Juvenile delinquency, the role of women, the family and society (vote)	4
Kashmir: present situation and future prospects (debate)	44
Kashmir: present situation and future prospects (vote)	18
Kidnapping in Gaza of the journalist Alan Johnston	28
Labour force sample survey (vote)	6
Law applicable to contractual obligations (Rome I) (debate)	18
Law applicable to contractual obligations (Rome I) (vote)	6
"Law applicable to non-contractual obligations (""ROME II"") (debate)"	28
Law applicable to non-contractual obligations ('Rome II') (debate)	16
Legal migration (vote)	4
Legal protection of designs (debate)	42
Liability of carriers of passengers by boat in the event of accidents (vote)	6
Limitation periods in cross-border disputes involving personal injuries and fatal accidents (debate)	26
Lisbon Strategy (European Council of 8 and 9 March 2007) (vote)	2
Local authorities and development cooperation (debate)	44
Local authorities and development cooperation (vote)	2
MDGs at the Midway Point (vote)	10
MEDA and financial support to Palestine - evaluation, implementation and control (debate)	34
MEDA and financial support to Palestine - evaluation, implementation and control (vote)	12
MON 863 - Risk Management (debate)	18
Macro-financial assistance for Lebanon (debate)	18
Mainstreaming sustainability in development cooperation policies (debate)	12
Maintenance obligations (debate)	24
Management of Europe's maritime borders - European Solidarity and protection of migrants' rights (debate)	36
Mandate of a Member	24
Mandate of a Member (continuation)	10
Marketing of fruit plant propagating material and fruit plants intended for fruit production (recast version) (vote)	4
Marketing of the meat of bovine animals aged 12 months or less (debate)	22
Measuring devices containing mercury (debate)	36
Mediation in civil and commercial matters (vote)	4
Member States' employment policies (vote)	14
Membership of Parliament	102
Membership of committees (deadline for tabling amendments): see Minutes	2
Membership of committees and delegations: see Minutes	8
Membership of political groups	8
Middle East (debate)	62
Minimum safety and health requirements for the use of work equipment (codified version) (vote)	4
Missing persons in Cyprus (debate)	22
Missing persons in Cyprus (vote)	4
Mobilisation of the European Globalisation Adjustment Fund (vote)	6
Modernising labour law to meet the challenges of the 21st century (continuation of debate)	70
Modernising labour law to meet the challenges of the 21st century (debate)	30
Modernising labour law to meet the challenges of the 21st century (vote)	28
Montenegro - EC/Montenegro: Stabilisation and Association Agreement (debate)	54
Moratorium on the death penalty (debate)	52
Moratorium on the death penalty (vote)	12
Motion for a resolution (vote)	10
Moving the inadmissibility of a matter (homophobia in Europe): see Minutes	2
Multilateral Agreement on the Establishment of a European Common Aviation Area: Commission statement and report (debate)	28
Multiple sclerosis (debate)	30
Murder of women in Mexico and Central America	32
Murder of women in Mexico and Central America (vote)	8
Natural disasters (debate)	30
Natural disasters (vote)	4
Negotiation mandate: enhanced EC-Ukraine agreement (debate)	74
Negotiation mandate: enhanced EC-Ukraine agreement (vote)	10
Negotiation of an EU-Andean Community Association Agreement (vote)	20
Negotiation of an EU-Central America Association Agreement - Negotiation of an EU-Andean Community Association Agreement (debate)	40
Negotiations on an Interregional Association Agreement with Mercosur and the new bilateral strategic partnership with Brazil (debate)	58
New PNR agreement SWIFT (debate)	68
Nigeria	26
Nominal quantities for pre-packed products (debate)	16
Non-proliferation and nuclear disarmament (debate)	52
Nuclear non-proliferation and disarmament (vote)	12
Nutrition and health claims made on foods (vote)	4
Obligations of cross-border service providers (debate)	40
One share, one vote - Proportionality between ownership and control in EU listed companies (debate)	20
One-minute speeches (Rule 144)	172
One-minute speeches on matters of political importance	870
Opening of the session	4
Opening of the sitting	56
Opening of the sitting: see Minutes	6
Operation of taxation systems: Fiscalis 2013 (vote)	10
Order of business	264
Order of business: see Minutes	2
Organic production and labelling of organic products (debate)	42
Organic production and labelling of organic products (vote)	18
Ovine and caprine animals: electronic identification (debate)	28
PNR Agreement with the United States (debate)	22
PNR agreement with the United States of America (vote)	16
PNR-SWIFT (vote)	14
Pakistan	26
Pakistan (vote)	4
Palestine (debate)	40
Payment services in the internal market (debate)	46
Payment services in the internal market (vote)	8
Population and housing censuses (debate)	44
Portability of supplementary pension rights (debate)	86
Posting of workers (debate)	28
Preparation of the European Council (Brussels, 13-14 December 2007) (debate)	82
Preparation of the informal summit of heads of state and government (Lisbon, 18/19 October 2007)	102
Preparations for the European Council (21 to 22 June) and the situation with regard to the revision of the Treaties (debate)	100
Preparations for the European Council (8-9 March 2007) (debate)	108
Presentation by the Council of the draft general budget - Budget 2008	18
Presentation of the Court of Auditors' annual report - 2006 (debate)	54
Presentation of the programme of the Portuguese presidency (debate)	88
Proclamation of consensus on humanitarian aid - The European Union and Humanitarian Aid (debate)	36
Proclamation of the Charter of Fundamental Rights	20
Production of fishmeal and fish oil (vote)	6
Production of opium for medical purposes in Afghanistan (debate)	40
Production of opium for medical purposes in Afghanistan (vote)	12
Programme of the German presidency (debate)	118
Progress report on Croatia (debate)	34
Progress report on Croatia (vote)	16
Promoting healthy diets and physical activity (debate)	58
Promoting healthy diets and physical activity (vote)	4
Prospects for the EU's Common Foreign Policy in 2007, including the deployment of anti-missile defence systems in Europe by the United States (debate)	104
Protection and conservation of the marine environment: Marine Strategy Directive (debate)	28
Protection of soil - Thematic Strategy for Soil Protection (debate)	76
Protocol amending TRIPS (debate)	28
Protocol amending TRIPS (vote)	6
Prudential assessment of acquisitions and increase of shareholdings (debate)	20
Prüm Treaty: cross-border cooperation in combating terrorism and cross-border crime - Visa Information System (VIS) - Consultation of the Visa Information System (VIS) - Protection of personal data (continuation of debate)	52
Prüm Treaty: cross-border cooperation in combating terrorism and cross-border crime - Visa Information System (VIS) - Consultation of the Visa Information System (VIS) - Protection of personal data (debate)	10
Public Finances in the EMU 2006 (debate)	34
Public Finances in the EMU 2006 (vote)	4
Public passenger transport services by rail and road (debate)	42
Public passenger transport services by rail and road (vote)	24
Public works contracts (vote)	4
Qualifications framework for lifelong learning (debate)	42
Qualifications framework for lifelong learning (vote)	6
Quarterly statistics on Community job vacancies (debate)	24
Question Time (Commission)	270
Question Time (Council)	86
Quota system in relation to the production of potato starch (debate)	36
Quota system in relation to the production of potato starch (vote)	6
Radio Spectrum (debate)	16
Radio Spectrum (vote)	2
Rapid Border Intervention Teams (debate)	46
Rates of excise duty on alcohol and alcoholic beverages (vote)	8
Ratification of the ILO's 2006 Consolidated Maritime Labour Convention (debate)	24
Recent developments in bilateral trade relations with China (debate)	42
Recent repression of demonstrations in Russia	32
Recognition and supervision of suspended sentences, alternative sanctions and conditional sentences (vote)	4
Recognition and supervision of suspended sentences, alternative sanctions and conditional sentences - Mutual recognition of judgments in criminal matters (debate)	16
Recovery plan for bluefin tuna in the Eastern Atlantic and the Mediterranean (debate)	30
Reducing alcohol-related harm (debate)	78
Reducing disparities in the poorest regions of the EU (debate)	48
Reducing disparities in the poorest regions of the EU (vote)	10
Referendum in Venezuela (debate)	22
Reform of EU trade policy instruments (debate)	38
Regional policy (islands and natural and economic constraints) (debate)	66
Regulations governing political parties at European level and the rules regarding their funding (debate)	46
Regulations governing political parties at European level and the rules regarding their funding (vote)	8
Reinsurance (implementing powers conferred on the Commission) (vote)	4
Relations between EU and Switzerland (debate)	28
Report on the deliberations of the Committee on Petitions during the year 2006 (debate)	36
Report on the deliberations of the Committee on Petitions during the year 2006 (vote)	4
Reprimand of a Member	2
Residence permits: uniform format (vote)	4
Residue levels of pesticides in or on food and feed (implementing powers conferred on the Commission) (vote)	4
Restructuring of the sugar industry (vote)	12
Restructuring of the sugar industry - Common organisation of the markets in the sugar sector (debate)	64
Results of the European Council meeting of 13 and 14 December 2007 in Brussels - Report on the six months of the Portuguese Presidency (debate)	70
Results of the informal summit of heads of state and government (Lisbon, 18-19 October 2007) (debate)	128
Resumption of the session	38
Resumption of the session (debate)	2
Retrofitting of mirrors to heavy goods vehicles (debate)	30
Review of the consumer acquis (debate)	72
Review of the medical device directives (vote)	4
Review procedures concerning the award of public contracts (debate)	30
Review procedures concerning the award of public contracts (vote)	6
Right to vote and stand in elections to the European Parliament for EU citizens residing in a foreign Member State (vote)	10
Risk of closure of Gdansk shipyard (debate)	32
Road Map for renewable energy in Europe (debate)	96
Road Map for renewable energy in Europe (vote)	4
Roadmap for the European Union's constitutional process (debate)	108
Roadmap for the European Union's constitutional process (vote)	8
Roaming on public mobile networks (debate)	130
Roaming on public mobile networks (signature of act)	4
Roaming on public mobile networks (vote)	16
Rules for the implementation of the Financial Regulation (vote)	4
Second EU/Africa Summit (Lisbon, 8 and 9 December 2007) (debate)	52
Secret detentions and unlawful inter-state transfers involving member states of the Council of Europe (reports Fava and Marty) (debate)	58
Set aside for year 2008 (debate)	28
Seventh and eighth annual reports on arms exports (debate)	58
Shareholders' voting rights (debate)	26
Shipping disaster in the Sea of Asov/Black Sea and the subsequent oil pollution (debate)	26
Signature of acts adopted under codecision: see Minutes	4
Single European Sky (debate)	34
Situation in Burma (debate)	32
Situation in Burma (vote)	14
Situation in Darfur (debate)	32
Situation in Darfur (vote)	4
Situation in Georgia (vote)	28
Situation in Nigeria (debate)	48
Situation in Pakistan (debate)	52
Situation in Pakistan (vote)	6
Situation in Palestine (debate)	78
Situation of disabled women in the European Union (debate)	30
Situations of fragility	22
Social reality stocktaking (debate)	60
Social reality stocktaking (vote)	6
Social services of general interest (debate)	52
Somalia (debate)	28
Specific Programme ‘Civil justice’ (2007-2013) (vote)	4
Specific rules as regards the fruit and vegetable sector (debate)	48
Specific rules as regards the fruit and vegetable sector (vote)	4
Statement by the President	22
Statement by the President (Estonia)	24
Statement by the President (Zimbabwe)	4
Statements by the President	14
Statements by the President (membership of Parliament; ETA)	2
Statistics on migration and international protection (vote)	8
Statute of the European Private Company, Company Law (debate)	20
Statutes for the Euratom Supply Agency (debate)	24
Strategy for a strengthened partnership with the Pacific Islands (debate)	18
Strengthening European legislation in the field of information and consultation of workers (debate)	32
Strengthening European legislation in the field of information and consultation of workers (vote)	8
Strengthening the European Neighbourhood Policy (vote)	12
Strengthening the European Neighbourhood Policy - Situation in Georgia (debate)	100
Structural business statistics (vote)	16
Structural policies and EU cohesion (debate)	28
Sudan: Killing of African Union peace-keeping soldiers	36
Sustainability in EU fisheries through maximum sustainable yield (debate)	36
Sustainable mobility (debate)	30
Sustainable mobility (vote)	6
TRIPS agreement and access to medicines (debate)	38
Tackling organised crime (debate)	28
Tariff quotas for imports into Bulgaria and Romania of raw cane sugar (debate)	16
Taxation and customs policies and the Lisbon Strategy (debate)	44
Taxation and customs policies and the Lisbon Strategy (vote)	10
Temporary provisions concerning rates of VAT (vote)	4
Tenth Anniversary of the Mine Ban Treaty (Ottawa Convention) (debate)	26
Textile imports (vote)	4
Textiles (debate)	46
The Commission's annual strategic priorities (Budget 2008) (debate)	38
The Commission's annual strategic priorities (Budget 2008) (vote)	4
The EU's Aid for trade (debate)	32
The European Interest: succeeding in the age of globalisation (debate)	144
The European Interest: succeeding in the age of globalisation (vote)	24
The European private company statute (debate)	32
The European private company statute (vote)	2
The Radio Caracas TV Channel in Venezuela	32
The Single Market Review (debate)	70
The Single Market Review (vote)	10
The attack on Galina Kozlova, member of the board of the Mari national organisation Mari Ušem and editor of the literary magazine Ontšõko (debate)	22
The attack on Galina Kozlova, member of the board of the Mari national organisation Mari Ušem and editor of the literary magazine Ontšõko (vote)	2
The banning of exports and the safe storage of metallic mercury (debate)	46
The economic partnership agreements (debate)	44
The economic partnership agreements (vote)	4
The exclusion of health services from the Services Directive (debate)	66
The exclusion of health services from the Services Directive (vote)	4
The fight against terrorism (vote)	14
The future of Kosovo and the role of the EU (debate)	64
The future of the European Union's own resources (debate)	74
The humanitarian situation in Gaza	58
The humanitarian situation in Gaza (vote)	4
The humanitarian situation of Iraqi refugees	28
The humanitarian situation of Iraqi refugees (vote)	4
The integration of new Member States in the CAP (debate)	34
The integration of new Member States in the CAP (vote)	2
The need for measures to protect the Roman Catholic Cathedral of St Joseph in Bucharest, Romania - an endangered historical and architectural monument (written declaration): see Minutes	6
The placing of plant protection products on the market (vote)	20
The regional impact of earthquakes (debate)	34
The rise in foodstuff prices, consumer protection (debate)	48
The role of sport in education (debate)	50
The situation concerning the President of the World Bank	36
The situation concerning the President of the World Bank (vote)	4
The situation in Palestine (debate)	22
The social status of artists (debate)	42
The social status of artists (vote)	6
The transposition and implementation of public procurement legislation (debate)	34
Thematic Strategy for Soil Protection (vote)	2
Thematic Strategy on the sustainable use of natural resources (debate)	32
Tobacco smoke: policy options at EU level (debate)	48
Tobacco smoke: policy options at EU level (vote)	4
Towards a common European foreign policy on energy (debate)	80
Towards a future Maritime Policy for the Union (debate)	66
Towards a future Maritime Policy for the Union (vote)	6
Towards an arms trade treaty (debate)	26
Toy Safety (debate)	34
Trade and Climate Change (debate)	28
Trade and Climate Change (vote)	8
Trade and economic relations with Ukraine (debate)	54
Trade and economic relations with Ukraine (vote)	6
Transatlantic relations (debate)	96
Transatlantic relations (vote)	8
Transportation and illegal detention of prisoners (continuation of vote)	38
Transportation and illegal detention of prisoners (debate)	140
Transportation and illegal detention of prisoners (vote)	26
Tribute	2
Ukraine (debate)	36
United Nations Human Rights Council (debate)	30
Units of measurement (vote)	4
Uzbekistan (debate)	26
Uzbekistan (vote)	4
Verbatim Reports (amendment of Rule 173) (debate)	22
Verbatim Reports (amendment of Rule 173) (vote)	6
Verification of credentials of new members of the European Parliament	4
Verification of the credentials of Mr Beniamino Donnici (vote)	10
Verification of the credentials of the new Members of the European Parliament	2
Via Baltica (debate)	46
Voluntary modulation of direct payments under the CAP (debate)	60
Voluntary modulation of direct payments under the CAP (vote)	10
Voting time	126
Voting time (continued)	8
Waste (vote)	4
Waste - Waste recycling (debate)	118
Welcome	40
Women in Turkey (debate)	44
Women in Turkey (vote)	2
Women's rights in Saudi Arabia	24
Zimbabwe (debate)	26
i2010: Digital libraries (debate)	32
